    최고화질 대박 큰 QLED TV로 단추 꼬맹이를 속일 수 있을까??  ,41:24:00,"54,234","2,613",2019. 4. 30.,https://www.youtube.com/watch?v=PY1NsyWUXtw&list=PLyOJ5ZNIl-zBuedDlwSMrtg_3pK7EAaai&index=2&t=0s
    대도서관 피아노 선생님 대청자 드립에 라이브 중 방송사고?!  ,13:03,"25,476",663,2019. 4. 24.,https://www.youtube.com/watch?v=4Pb72lWbkL8&list=PLyOJ5ZNIl-zBuedDlwSMrtg_3pK7EAaai&index=3&t=0s
    끝까지 시청한 당신이야말로 진정한 대청자! 대도서관 쌩라이브 모음!  ,1:21:27,"57,605","1,623",2019. 4. 14.,https://www.youtube.com/watch?v=BH3apo_8kv8&list=PLyOJ5ZNIl-zBuedDlwSMrtg_3pK7EAaai&index=4&t=0s
    대도가 하지원씨 광고 촬영 현장을 급습한 사연은?!  ,28:46:00,"162,750","2,704",2019. 4. 13.,https://www.youtube.com/watch?v=laqPNRnsycg&list=PLyOJ5ZNIl-zBuedDlwSMrtg_3pK7EAaai&index=5&t=0s
    에이핑크 보미와 함께 하는 넥슨의 야심작 트라하 합동방송 풀버전 (TRAHA)  ,1:21:27,"176,828",889,2019. 4. 11.,https://www.youtube.com/watch?v=01JyTRoj6Vk&list=PLyOJ5ZNIl-zBuedDlwSMrtg_3pK7EAaai&index=6&t=0s
    돼지갈비 무한리필 집에서 제대로 뽕 뽑는 법?!  ,22:04,"237,957","2,456",2019. 4. 5.,https://www.youtube.com/watch?v=T0BmQff29a8&list=PLyOJ5ZNIl-zBuedDlwSMrtg_3pK7EAaai&index=7&t=0s
    tvN 드라마 '자백'이 배경인 방 탈출 게임? 주연배우들과 함께 깨러갔습니다  ,36:50:00,"31,635",895,2019. 3. 23.,https://www.youtube.com/watch?v=c8oc5EWT_fA&list=PLyOJ5ZNIl-zBuedDlwSMrtg_3pK7EAaai&index=9&t=0s
    날아가는 의자에 앉아 오버워치 리그 관람하기  ,42:39:00,"497,468","5,260",2019. 3. 22.,https://www.youtube.com/watch?v=7SS7Cb_M2X0&list=PLyOJ5ZNIl-zBuedDlwSMrtg_3pK7EAaai&index=10&t=0s
    톡톡이 사탕에 콜라를 싸서 드셔보세요!  ,32:46:00,"52,347","1,451",2019. 3. 21.,https://www.youtube.com/watch?v=Nd-aMvjgpzQ&list=PLyOJ5ZNIl-zBuedDlwSMrtg_3pK7EAaai&index=11&t=0s
    삼성동 1타 운전강사가 알려주는 후방주차의 모든 것!  ,21:10,"2,106",233,2019. 5. 1.,https://www.youtube.com/watch?v=aWhO6HsGnCg&list=PLyOJ5ZNIl-zDos60wx74FgZRvMbGayGv5&index=2&t=0s
    어벤져스 엔드게임 보기 전 반드시 알아야 할 꿀팁!  ,13:51,"83,015","1,743",2019. 4. 26.,https://www.youtube.com/watch?v=Di-A6YLBhH8&list=PLyOJ5ZNIl-zDos60wx74FgZRvMbGayGv5&index=3&t=0s
    AOMG에서 새로운 멤버를 뽑는다고?!  ,3:08,"40,188","1,136",2019. 4. 23.,https://www.youtube.com/watch?v=Ya0FIF1t1YU&list=PLyOJ5ZNIl-zDos60wx74FgZRvMbGayGv5&index=4&t=0s
    게임중독이 질병? 게임은 하나의 문화일 뿐!  ,5:52,"41,716","1,610",2019. 4. 21.,https://www.youtube.com/watch?v=I_gu5U6Uaho&list=PLyOJ5ZNIl-zDos60wx74FgZRvMbGayGv5&index=5&t=0s
    가족한테 운전연수를 받으면 생길 수 있는 일들!!  ,3:49,"40,551","1,099",2019. 4. 19.,https://www.youtube.com/watch?v=VN1qO1Z9ybA&list=PLyOJ5ZNIl-zDos60wx74FgZRvMbGayGv5&index=6&t=0s
    17금 리얼리티는 넘치는 생생한 건강검진 후기!  ,12:09,"45,082","1,306",2019. 4. 17.,https://www.youtube.com/watch?v=rmoxL42mRQ0&list=PLyOJ5ZNIl-zDos60wx74FgZRvMbGayGv5&index=7&t=0s
    대권도에 입문하세요! 새로운 제자들은 언제나 환영입니다!  ,14:51,"41,474","1,256",2019. 4. 13.,https://www.youtube.com/watch?v=sgpiOafImRc&list=PLyOJ5ZNIl-zDos60wx74FgZRvMbGayGv5&index=8&t=0s
    강원도 산불 피해에 작지만 보탬이 되길 바랍니다  ,39:02:00,"39,656","2,043",2019. 4. 12.,https://www.youtube.com/watch?v=krcpgDcP88w&list=PLyOJ5ZNIl-zDos60wx74FgZRvMbGayGv5&index=9&t=0s
    듣고 싶은 사람은 없고 부르고 싶은 사람만 있는 콘서트!  ,42:39:00,"47,676","1,720",2019. 4. 8.,https://www.youtube.com/watch?v=-YAk_U4y7eA&list=PLyOJ5ZNIl-zDos60wx74FgZRvMbGayGv5&index=10&t=0s
    엉클대도 대표가 요즘 고민에 빠져있는 것은?  ,3:25,"44,778","1,239",2019. 4. 7.,https://www.youtube.com/watch?v=KCzZyEmxQ88&list=PLyOJ5ZNIl-zDos60wx74FgZRvMbGayGv5&index=11&t=0s
    [K-food] 외국에서 화제가 된 한국식 치즈 핫도그! 달대포차도 할 수 있지 않을까?!  ,11:28,"11,862",796,2019. 4. 27.,https://www.youtube.com/watch?v=q4mrlI23Z6U&list=PLyOJ5ZNIl-zDWjdwxYgcZrMvBrtv_yYey&index=2&t=0s
    [조합꿀팁★] 어벤져스에 아이스크림을 섞는다면?! 탄산수 맛있게 먹는 방법   ,11:28,"10,989",653,2019. 4. 26.,https://www.youtube.com/watch?v=1BtlhRuyEoE&list=PLyOJ5ZNIl-zDWjdwxYgcZrMvBrtv_yYey&index=3&t=0s
    [스포주의] 어벤져스 콜라 11종 다 모았습니다! 이걸로 엔드게임 결말 예측?!  ,13:51,"15,150",656,2019. 4. 22.,https://www.youtube.com/watch?v=HZ3Wj6VVvyo&list=PLyOJ5ZNIl-zDWjdwxYgcZrMvBrtv_yYey&index=4&t=0s
    [버터김치찌개] 김치찌개 + 버터 + 우유 = 환상의 궁합?!  ,10:03,"19,017","1,291",2019. 4. 20.,https://www.youtube.com/watch?v=gXqJ1ESZYbg&list=PLyOJ5ZNIl-zDWjdwxYgcZrMvBrtv_yYey&index=5&t=0s
"    [혼요그릴] 혼밥러, 혼술러 모여라! 한 번에 3가지 요리를 동시에?!  ",11:28,"19,445","1,290",2019. 4. 18.,https://www.youtube.com/watch?v=0D_qLV6LKX0&list=PLyOJ5ZNIl-zDWjdwxYgcZrMvBrtv_yYey&index=6&t=0s
    [블랙데이] 직접 뽑은 면으로 짜장면 만들기! 솔로들을 위한 수제 간짜장   ,11:17,"25,770","1,399",2019. 4. 13.,https://www.youtube.com/watch?v=0bgLrpkeZcc&list=PLyOJ5ZNIl-zDWjdwxYgcZrMvBrtv_yYey&index=7&t=0s
    [미공개 파일 공개] 달콤대도_회식에서_있었던_일.mp4  ,11:28,"30,127","1,152",2019. 4. 9.,https://www.youtube.com/watch?v=LqdKUb_WlUI&list=PLyOJ5ZNIl-zDWjdwxYgcZrMvBrtv_yYey&index=8&t=0s
    [달대포차 6일차] 엉클대도 직원들의 야식 메뉴에 도전한다!  ,11:28,"19,901",966,2019. 4. 7.,https://www.youtube.com/watch?v=6OM67LcXwBM&list=PLyOJ5ZNIl-zDWjdwxYgcZrMvBrtv_yYey&index=9&t=0s
    [반반리뷰] 30만 원 룸서비스 VS. 2만 9천 원 룸서비스 전격 비교!  ,10:03,"64,889","1,503",2019. 4. 5.,https://www.youtube.com/watch?v=Q58-lw4WwlE&list=PLyOJ5ZNIl-zDWjdwxYgcZrMvBrtv_yYey&index=10&t=0s
    [혼술대도] 아무 생각 없이 보면 되는 치맥 특집!     ,10:01,"17,450",990,2019. 4. 1.,https://www.youtube.com/watch?v=rqciEdkx2f0&list=PLyOJ5ZNIl-zDWjdwxYgcZrMvBrtv_yYey&index=11&t=0s
    대도서관 리와인드] 엉클린대도 부동산 사기당한 썰!!!  ,20:21,"77,947","1,692",2019. 4. 28.,https://www.youtube.com/watch?v=nWvNBg6EXDg&list=PLyOJ5ZNIl-zA2ZdoXH7Lad2kPUER-zp_q&index=2&t=0s
    대도서관 리와인드] 만취한 아저씨 집 돌려보내는 게임!  ,6:22,"53,684","1,580",2019. 4. 22.,https://www.youtube.com/watch?v=lfiA7cmgW-8&list=PLyOJ5ZNIl-zA2ZdoXH7Lad2kPUER-zp_q&index=3&t=0s
    대도서관 리와인드] 대도가 운영하는 농장이 망한 이유?! 파밍시뮬레이터 레전드 모음!  ,22:04,"71,238","1,544",2019. 4. 21.,https://www.youtube.com/watch?v=eHKdF25vymQ&list=PLyOJ5ZNIl-zA2ZdoXH7Lad2kPUER-zp_q&index=4&t=0s
    대도서관 리와인드] 소울류만 하면 피지컬 폭발! 세키로 신컨 모음!  ,31:22:00,"40,545",549,2019. 4. 20.,https://www.youtube.com/watch?v=FNNn5SSR7Gk&list=PLyOJ5ZNIl-zA2ZdoXH7Lad2kPUER-zp_q&index=5&t=0s
    대도서관 리와인드] 3분으로 맛보는 멘탈 털림의 현장!!!  ,1:05:28,"50,596","1,536",2019. 4. 18.,https://www.youtube.com/watch?v=XmCly8o9Qf4&list=PLyOJ5ZNIl-zA2ZdoXH7Lad2kPUER-zp_q&index=6&t=0s
    대도서관 리와인드] 평범한 동네 이장이 사실은 시간여행자라면?!  ,22:04,"58,940","1,628",2019. 4. 15.,https://www.youtube.com/watch?v=1A3DY_atCLo&list=PLyOJ5ZNIl-zA2ZdoXH7Lad2kPUER-zp_q&index=7&t=0s
    대도서관 리와인드] 오늘도 평화로운 충남 텍사스 운전교실  ,22:04,"74,412","2,468",2019. 4. 6.,https://www.youtube.com/watch?v=gUGeuL6bnYU&list=PLyOJ5ZNIl-zA2ZdoXH7Lad2kPUER-zp_q&index=8&t=0s
    대도서관 리와인드] ※촐싹주의※ 세키로는 사실 음성인식 게임이라는게 학계의 정설!  ,6:21,"46,897","1,560",2019. 4. 4.,https://www.youtube.com/watch?v=oGTQTMGBErQ&list=PLyOJ5ZNIl-zA2ZdoXH7Lad2kPUER-zp_q&index=9&t=0s
    대도서관 리와인드] 쯔구르 장인의 레전드 더빙모음.zip  ,37:56:00,"51,306","1,571",2019. 3. 16.,https://www.youtube.com/watch?v=RmKJY-dNzRE&list=PLyOJ5ZNIl-zA2ZdoXH7Lad2kPUER-zp_q&index=10&t=0s
    대도서관 리와인드] 대놓고 깜놀장면만 모았다!  ,37:56:00,"76,380","1,604",2019. 3. 8.,https://www.youtube.com/watch?v=RQVdhDvDLKc&list=PLyOJ5ZNIl-zA2ZdoXH7Lad2kPUER-zp_q&index=11&t=0s
    마인크래프트 같은데 귀여운 캐릭터가 잔뜩 나옴! 드래곤 퀘스트 빌더즈2 1화(Dragon Quest Builders2)  ,49:35:00,"83,306",970,2019. 4. 8.,https://www.youtube.com/watch?v=a6S38D4x0ZI&list=PLyOJ5ZNIl-zC30gDqjaol2vnNaDp9qbIn&index=2&t=0s
    귀여운 닥터슬럼프 아라레와 드퀘빌2 농사 짓는 법! 드래곤 퀘스트 빌더즈2 2화(Dragon Quest Builders2)  ,50:27:00,"44,067",474,2019. 4. 9.,https://www.youtube.com/watch?v=sy9ZRPYnPBo&list=PLyOJ5ZNIl-zC30gDqjaol2vnNaDp9qbIn&index=3&t=0s
"    시원한 타격감, 무쌍 찍었습니다! 드래곤 퀘스트 빌더즈2 3화(Dragon Quest Builders2)  ",42:45:00,"38,386",442,2019. 4. 10.,https://www.youtube.com/watch?v=9dy_iOXJZv4&list=PLyOJ5ZNIl-zC30gDqjaol2vnNaDp9qbIn&index=4&t=0s
    비옥한 농사 짓는 필수 요소 구하기! 드래곤 퀘스트 빌더즈2 4화(Dragon Quest Builders2)  ,59:01:00,"25,719",334,2019. 4. 12.,https://www.youtube.com/watch?v=d6w7RtoRw8Q&list=PLyOJ5ZNIl-zC30gDqjaol2vnNaDp9qbIn&index=5&t=0s
"    점점 커지는 마을, 많아지는 캐릭터들! 드래곤 퀘스트 빌더즈2 5화(Dragon Quest Builders2)  ",52:29:00,"30,180",338,2019. 4. 14.,https://www.youtube.com/watch?v=SQT5wTE5YeI&list=PLyOJ5ZNIl-zC30gDqjaol2vnNaDp9qbIn&index=6&t=0s
    목욕탕까지 있는 갓겜! 드래곤 퀘스트 빌더즈2 6화(Dragon Quest Builders2)  ,56:58:00,"29,597",353,2019. 4. 15.,https://www.youtube.com/watch?v=Hd8VXopMQJk&list=PLyOJ5ZNIl-zC30gDqjaol2vnNaDp9qbIn&index=7&t=0s
    화장실 가려고 기다리는 귀여운 캐릭터들! 드래곤 퀘스트 빌더즈2 7화(Dragon Quest Builders2)  ,53:52:00,"22,352",357,2019. 4. 16.,https://www.youtube.com/watch?v=32rt8OrPwLA&list=PLyOJ5ZNIl-zC30gDqjaol2vnNaDp9qbIn&index=8&t=0s
"    토마토, 호박 농사 제대로 해봅시다! 드래곤 퀘스트 빌더즈2 8화(Dragon Quest Builders2)  ",54:29:00,"24,653",344,2019. 4. 19.,https://www.youtube.com/watch?v=NX-8QrtHh-w&list=PLyOJ5ZNIl-zC30gDqjaol2vnNaDp9qbIn&index=10&t=0s
    귀여운 캐릭터들의 귀여운 마을 축제! 드래곤 퀘스트 빌더즈2 9화(Dragon Quest Builders2)  ,53:59:00,"18,140",304,2019. 4. 22.,https://www.youtube.com/watch?v=y-BCcS71TQ8&list=PLyOJ5ZNIl-zC30gDqjaol2vnNaDp9qbIn&index=11&t=0s
    생방송 태도 논란에 대한 사과 방송  ,1:57:17,"385,957","4,743",2019. 4. 25.,https://www.youtube.com/watch?v=R0tr-uYmSSo&list=PLyOJ5ZNIl-zCk9qopXDdCdOY7W6vEqkj8&index=2&t=0s
    대도서관 피아노 선생님 대청자 드립에 라이브 중 방송사고?!  ,39:02:00,"25,476",663,2019. 4. 24.,https://www.youtube.com/watch?v=4Pb72lWbkL8&list=PLyOJ5ZNIl-zCk9qopXDdCdOY7W6vEqkj8&index=3&t=0s
    [대도서관 중대발표] 트위치에서 첫 생방송 일자 안내!  ,1:05:28,"434,078","9,277",2018. 12. 27.,https://www.youtube.com/watch?v=S8dksPUebfA&list=PLyOJ5ZNIl-zCk9qopXDdCdOY7W6vEqkj8&index=5&t=0s
    세키로 1화] 닌자판 다크소울? 별로 안 어려울 거 같은데? (Sekiro: Shadows Die Twice)  ,43:14:00,"135,710","1,235",2019. 3. 29.,https://www.youtube.com/watch?v=BAweotLEbbU&list=PLyOJ5ZNIl-zAtoqaLzNW3YYpwYTU8cy1a&index=2&t=0s
    세키로 2화] 입딜로 사무라이 대장 제압하다! (Sekiro: Shadows Die Twice)  ,34:50:00,"78,111",723,2019. 3. 29.,https://www.youtube.com/watch?v=YnIkUayAuaI&list=PLyOJ5ZNIl-zAtoqaLzNW3YYpwYTU8cy1a&index=3&t=0s
    세키로 3화] 다굴 앞에서는 고인물도 어쩔 수 없이 유다희! (Sekiro: Shadows Die Twice)  ,36:05:00,"49,759",502,2019. 3. 30.,https://www.youtube.com/watch?v=mOykR347cD0&list=PLyOJ5ZNIl-zAtoqaLzNW3YYpwYTU8cy1a&index=4&t=0s
    세키로 4화] 이걸 한 시간 동안 잡아? 난 1트에 잡는다! (Sekiro: Shadows Die Twice)  ,32:52:00,"42,041",441,2019. 4. 1.,https://www.youtube.com/watch?v=C_XxzSLkEEA&list=PLyOJ5ZNIl-zAtoqaLzNW3YYpwYTU8cy1a&index=5&t=0s
    세키로 5화] 네가 이 구역의 망나니냐? 술고래 주조 등장! (Sekiro: Shadows Die Twice)  ,33:15:00,"34,730",317,2019. 4. 2.,https://www.youtube.com/watch?v=tEJsV95oEjg&list=PLyOJ5ZNIl-zAtoqaLzNW3YYpwYTU8cy1a&index=6&t=0s
    세키로 6화] 엘보드롭에 드롭킥까지 날리는 프로레슬러 적귀! (Sekiro: Shadows Die Twice)  ,1:03:37,"28,430",297,2019. 4. 3.,https://www.youtube.com/watch?v=L0MBAm3VQHI&list=PLyOJ5ZNIl-zAtoqaLzNW3YYpwYTU8cy1a&index=7&t=0s
    세키로 7화] 다시 붙자! 술고래 주조와 리매치! (Sekiro: Shadows Die Twice)  ,47:39:00,"26,086",293,2019. 4. 3.,https://www.youtube.com/watch?v=KU9pFCeS-C4&list=PLyOJ5ZNIl-zAtoqaLzNW3YYpwYTU8cy1a&index=8&t=0s
    세키로 8화] 빤스런만이 살길! 거대 백사와 숨바꼭질! (Sekiro: Shadows Die Twice)  ,50:02:00,"29,663",354,2019. 4. 4.,https://www.youtube.com/watch?v=ltCxlZii4QE&list=PLyOJ5ZNIl-zAtoqaLzNW3YYpwYTU8cy1a&index=9&t=0s
    세키로 9화] 기마보스 오니교부 2트만에 클리어! (Sekiro: Shadows Die Twice)  ,55:02:00,"23,629",260,2019. 4. 5.,https://www.youtube.com/watch?v=aKPwhusziFA&list=PLyOJ5ZNIl-zAtoqaLzNW3YYpwYTU8cy1a&index=10&t=0s
    세키로 10화] 환불의 쵸 입장하십니다! (Sekiro: Shadows Die Twice)  ,48:24:00,"26,080",366,2019. 4. 6.,https://www.youtube.com/watch?v=3x5m-w4iJ6s&list=PLyOJ5ZNIl-zAtoqaLzNW3YYpwYTU8cy1a&index=11&t=0s
"    정가 31,000원 게임 환불했습니다! 갓겜인줄 알았는데..? (My little riding champion)  ",42:39:00,"100,620","1,471",2019. 4. 27.,https://www.youtube.com/watch?v=Br8gXBW0PYc&list=PL4F2B3A226F71DF50&index=2&t=0s
    미친랜서게임! 항아리게임과 미친말게임이 만나면 이런 혼종이?!  (BALANCELOT)  ,39:02:00,"97,391","1,669",2019. 4. 13.,https://www.youtube.com/watch?v=92hlUnqj1z0&list=PL4F2B3A226F71DF50&index=3&t=0s
    음원차트 1위 가수 에픽하이와 함께 슈퍼 마리오 파티!  ,42:39:00,"82,357","1,597",2019. 3. 17.,https://www.youtube.com/watch?v=oE_5lW0CbTg&list=PL4F2B3A226F71DF50&index=4&t=0s
    항아리 게임 제작자가 참여한 고릴라 탈출 게임! (Ape Out)  ,1:21:27,"134,302","1,827",2019. 3. 8.,https://www.youtube.com/watch?v=3uzd_rwT-JE&list=PL4F2B3A226F71DF50&index=5&t=0s
    소리만 듣고 염소의 울음소리인지 사람의 목소리인지 맞추는 병맛게임! (Goat or Throat)  ,33:06:00,"62,397","1,365",2019. 3. 2.,https://www.youtube.com/watch?v=3J4cKUWRMmc&list=PL4F2B3A226F71DF50&index=6&t=0s
    대도서관 리와인드] 단군이래 유교방송 최대위기!  ,25:32:00,"258,181","4,941",2019. 3. 1.,https://www.youtube.com/watch?v=CAkaMZwcltw&list=PL4F2B3A226F71DF50&index=7&t=0s
    문명6 새확장팩! 신규문명 마오리족을 했지만 빠르게 리겜해야 했던 이유! [문명6 확장팩 몰려드는 폭풍]  ,33:02:00,"56,515",747,2019. 2. 18.,https://www.youtube.com/watch?v=d0yqwURUWUA&list=PL4F2B3A226F71DF50&index=8&t=0s
    운전자 대공감! 가장 빡치게 하는 운전자 유형 월드컵!  ,8:06,"158,352","3,035",2019. 2. 18.,https://www.youtube.com/watch?v=9kqC0BSHroI&list=PL4F2B3A226F71DF50&index=9&t=0s
    전투기 게임에 지나치게 과몰입한 머기업 스트리머! [대도서관의 에이스컴뱃7]  ,32:51:00,"77,666","1,494",2019. 2. 13.,https://www.youtube.com/watch?v=BKCKpBTe0L8&list=PL4F2B3A226F71DF50&index=10&t=0s
    남편이 아내한테 등짝 스매싱 맞는 흔한 이유! (대도서관X윰댕)  ,13:03,"355,001","4,815",2019. 2. 8.,https://www.youtube.com/watch?v=Z0adKAXtfg8&list=PL4F2B3A226F71DF50&index=11&t=0s
    대도서관] 60초 1화 - 핵전쟁에서 살아남기 생존 게임 (60 Seconds!)  ,44:09:00,"1,137,833","4,400",2015. 5. 30.,https://www.youtube.com/watch?v=_UTOaKW0BJQ&list=PLyOJ5ZNIl-zAPBRsPpjFCp16h66641R9T&index=2&t=0s
    대도서관] 60초 2화 - 핵전쟁에서 살아남기 생존 게임 (60 Seconds!)  ,35:30:00,"431,611","1,958",2015. 6. 1.,https://www.youtube.com/watch?v=Ulmsmwi9R58&list=PLyOJ5ZNIl-zAPBRsPpjFCp16h66641R9T&index=3&t=0s
    대도서관] 60초 3화 - 우리 딸이 문도? / 핵전쟁에서 살아남기 생존 게임 (60 Seconds!)  ,39:43:00,"403,810","1,874",2015. 6. 2.,https://www.youtube.com/watch?v=Y8kH4l7Ft84&list=PLyOJ5ZNIl-zAPBRsPpjFCp16h66641R9T&index=4&t=0s
    대도서관] 60초 4화 - 클리어 했어? / 핵전쟁에서 살아남기 생존 게임 (60 Seconds!)  ,44:32:00,"352,812","1,792",2015. 6. 4.,https://www.youtube.com/watch?v=iFm43iNpMkw&list=PLyOJ5ZNIl-zAPBRsPpjFCp16h66641R9T&index=5&t=0s
    대도서관] 60초 5화 - 하드 모드 / 핵전쟁에서 살아남기 생존 게임 (60 Seconds!)  ,46:53:00,"259,489","1,243",2015. 6. 6.,https://www.youtube.com/watch?v=lPRbx75ufKE&list=PLyOJ5ZNIl-zAPBRsPpjFCp16h66641R9T&index=6&t=0s
    대도서관] 60초 6화 - 노멀 모드 / 핵전쟁에서 살아남기 생존 게임 (60 Seconds!)  ,50:50:00,"167,256",935,2015. 6. 10.,https://www.youtube.com/watch?v=i-8cotN4k0o&list=PLyOJ5ZNIl-zAPBRsPpjFCp16h66641R9T&index=7&t=0s
    대도서관] 60초 7화 - 하드 모드 / 핵전쟁에서 살아남기 생존 게임 (60 Seconds!)  ,42:01:00,"203,946","1,156",2015. 6. 13.,https://www.youtube.com/watch?v=Kn4LWtEGk9E&list=PLyOJ5ZNIl-zAPBRsPpjFCp16h66641R9T&index=8&t=0s
    대도서관] 60초 8화 - 노멀모드 정복? / 핵전쟁에서 살아남기 생존 게임 (60 Seconds!)  ,41:05:00,"154,924",810,2015. 6. 18.,https://www.youtube.com/watch?v=k8J0ImWJ40s&list=PLyOJ5ZNIl-zAPBRsPpjFCp16h66641R9T&index=9&t=0s
    대도서관] 60초 9화 - 이걸 문도가? (하드) / 핵전쟁에서 살아남기 생존 게임 (60 Seconds!)  ,37:57:00,"254,551","1,413",2015. 6. 19.,https://www.youtube.com/watch?v=2yqS3WlXafg&list=PLyOJ5ZNIl-zAPBRsPpjFCp16h66641R9T&index=10&t=0s
    대도서관] 60초 10화 - 새로운 가족의 등장? / 핵전쟁에서 살아남기 생존 게임 (60 Seconds!)  ,43:49:00,"233,565","1,117",2015. 6. 27.,https://www.youtube.com/watch?v=rPS4pkQZGPs&list=PLyOJ5ZNIl-zAPBRsPpjFCp16h66641R9T&index=11&t=0s
    대도서관 수다방] 개인방송을 한다고 회사를 그만두겠다구요?!  ,5:52,"1,277,683","20,096",2017. 9. 15.,https://www.youtube.com/watch?v=AS-QCJ2lZqc&list=PLyOJ5ZNIl-zCdbGrA6OjzOGbiHmicFrJs&index=2&t=0s
    항아리 게임] 대도서관 병맛게임 실황 1화 - 빡치라고 만든 게임! (Getting Over It)  ,15:51,"1,331,994","15,326",2017. 11. 9.,https://www.youtube.com/watch?v=jw1P9aYz12s&list=PLyOJ5ZNIl-zCdbGrA6OjzOGbiHmicFrJs&index=3&t=0s
    [ENG sub] 대도서관을 심장 떨리게 한 BTS가 건넨 한마디는??!  ,1:05:28,"432,092","12,981",2018. 11. 9.,https://www.youtube.com/watch?v=P4LTIXQxOxY&list=PLyOJ5ZNIl-zCdbGrA6OjzOGbiHmicFrJs&index=4&t=0s
    남편이 아내한테 등짝 스매싱 맞는 흔한 이유! (대도서관X윰댕)  ,3:03,"355,001","4,815",2019. 2. 8.,https://www.youtube.com/watch?v=Z0adKAXtfg8&list=PLyOJ5ZNIl-zCdbGrA6OjzOGbiHmicFrJs&index=5&t=0s
    날아가는 의자에 앉아 오버워치 리그 관람하기  ,42:39:00,"497,468","5,260",2019. 3. 22.,https://www.youtube.com/watch?v=7SS7Cb_M2X0&list=PLyOJ5ZNIl-zCdbGrA6OjzOGbiHmicFrJs&index=6&t=0s
"    대도서관네 강아지들] 단추야, 꼬맹아 산책갈까?(꼬똥 드 툴레아, Coton de Tulear)  ",13:03,"1,130,591","9,745",2015. 11. 23.,https://www.youtube.com/watch?v=mTJpIWKaEqc&list=PLyOJ5ZNIl-zCdbGrA6OjzOGbiHmicFrJs&index=7&t=0s
    대도서관VS윰댕] 1:1 오버워치로 부부싸움 1화 (Overwatch)  ,31:12:00,"2,173,581","8,191",2016. 8. 10.,https://www.youtube.com/watch?v=4ku7HjBGaR8&list=PLyOJ5ZNIl-zCdbGrA6OjzOGbiHmicFrJs&index=8&t=0s
    대도서관] 윰댕님의 손길 한번에 대깜놀한 사연은? (키친 VR 실황 中)  ,12:13,"2,741,285","18,369",2016. 10. 23.,https://www.youtube.com/watch?v=-DOhgGmI8JE&list=PLyOJ5ZNIl-zCdbGrA6OjzOGbiHmicFrJs&index=9&t=0s
    대도서관 대충] 대도서관 역대 플레이! 신컨 모음 _ 그리고...?  ,28:28:00,"481,958","9,051",2018. 1. 28.,https://www.youtube.com/watch?v=Z9pauIaLSMc&list=PLyOJ5ZNIl-zCdbGrA6OjzOGbiHmicFrJs&index=10&t=0s
    대도서관] 60초 반전의 연속! 레전드 생존기! (하드모드) / 핵전쟁에서 살아남기 생존 게임 (60 Seconds!)  ,37:57:00,"2,377,133","24,257",2017. 3. 19.,https://www.youtube.com/watch?v=--BGQHcq1Yc&list=PLyOJ5ZNIl-zCdbGrA6OjzOGbiHmicFrJs&index=11&t=0s
    슈퍼 스매시 브라더스 얼티밋 1화 - 식목일 메타로 마리오 원펀치 날려버림(Super Smash Bros Ultimate)  ,54:23:00,"146,057","1,547",2019. 1. 24.,https://www.youtube.com/watch?v=wvKmsKGF-7U&list=PLyOJ5ZNIl-zCcSaT7NOyRay4v1ZaI_LA8&index=2&t=0s
    슈퍼 스매시 브라더스 얼티밋 2화 - 킹갓나무 앞에 모두 경배하십시오!  (Super Smash Bros Ultimate)  ,1:30:41,"63,577",668,2019. 1. 25.,https://www.youtube.com/watch?v=Fv65JmaZcFI&list=PLyOJ5ZNIl-zCcSaT7NOyRay4v1ZaI_LA8&index=3&t=0s
    슈퍼 스매시 브라더스 얼티밋 3화 - 나무앞에서는 모두가 평등하군요!  (Super Smash Bros Ultimate)  ,1:23:16,"59,341",547,2019. 1. 27.,https://www.youtube.com/watch?v=QQfuRlIfdCU&list=PLyOJ5ZNIl-zCcSaT7NOyRay4v1ZaI_LA8&index=4&t=0s
    슈퍼 스매시 브라더스 얼티밋 4화 - 유교방송을 파괴하는 기가쿠파 등장!  (Super Smash Bros Ultimate)  ,56:03:00,"61,494",685,2019. 1. 29.,https://www.youtube.com/watch?v=bejweWIxqQQ&list=PLyOJ5ZNIl-zCcSaT7NOyRay4v1ZaI_LA8&index=5&t=0s
    슈퍼 스매시 브라더스 얼티밋 5화 - 어렵게 얻은 기가쿠파의 성능은?!  (Super Smash Bros Ultimate)  ,1:19:57,"39,739",454,2019. 2. 10.,https://www.youtube.com/watch?v=7VHyW-4pQiM&list=PLyOJ5ZNIl-zCcSaT7NOyRay4v1ZaI_LA8&index=6&t=0s
    기가쿠파를 능가하는 분노유발 보스 소닉 등장! - 슈퍼 스매시 브라더스 얼티밋 6화 (Super Smash Bros Ultimate)  ,58:27:00,"39,772",414,2019. 2. 10.,https://www.youtube.com/watch?v=fNWk-XzAcfE&list=PLyOJ5ZNIl-zCcSaT7NOyRay4v1ZaI_LA8&index=7&t=0s
    빡침유발! 루이지 스테이지 근성으로 깨기! - 슈퍼 스매시 브라더스 얼티밋 7화 (Super Smash Bros Ultimate)  ,46:19:00,"27,782",254,2019. 2. 18.,https://www.youtube.com/watch?v=oVCXqjtAo7c&list=PLyOJ5ZNIl-zCcSaT7NOyRay4v1ZaI_LA8&index=8&t=0s
    진짜 깨기 힘든 애들 만나서 생고생만 함 ㅠㅠ - 슈퍼 스매시 브라더스 얼티밋 8화 (Super Smash Bros Ultimate)  ,54:02:00,"22,993",279,2019. 2. 21.,https://www.youtube.com/watch?v=LfzGYFKvG88&list=PLyOJ5ZNIl-zCcSaT7NOyRay4v1ZaI_LA8&index=9&t=0s
    좌절감이 키운 대도서관의 실력은? - 슈퍼 스매시 브라더스 얼티밋 9화 (Super Smash Bros Ultimate)  ,55:15:00,"24,306",259,2019. 2. 26.,https://www.youtube.com/watch?v=Ld1Kf363p74&list=PLyOJ5ZNIl-zCcSaT7NOyRay4v1ZaI_LA8&index=10&t=0s
    젤다공주 영입을 위한 캐릭터 총출격! - 슈퍼 스매시 브라더스 얼티밋 10화 (Super Smash Bros Ultimate)  ,12:53,"23,966",263,2019. 3. 6.,https://www.youtube.com/watch?v=X73XQ9fOVxg&list=PLyOJ5ZNIl-zCcSaT7NOyRay4v1ZaI_LA8&index=11&t=0s
    파밍 시뮬레이터 1화 ] 장비병 걸린 이장님과 초보 농사꾼들의 케미폭발! (Farming Simulator 19)  ,22:33,"236,668","2,936",2019. 3. 22.,https://www.youtube.com/watch?v=95Y5ujuXmlE&list=PLyOJ5ZNIl-zC3t_rwQ-OXLjQuW5KV-gy2&index=2&t=0s
    파밍 시뮬레이터 2화 ] 역시 자본주의가 최고여! 농사도 장비빨이지! (Farming Simulator 19)  ,29:06:00,"128,469","1,442",2019. 3. 26.,https://www.youtube.com/watch?v=YV1LEvchh2M&list=PLyOJ5ZNIl-zC3t_rwQ-OXLjQuW5KV-gy2&index=3&t=0s
    파밍 시뮬레이터 3화 ] 동네사람들 이장님이 또 사고쳤슈! (Farming Simulator 19)  ,30:23:00,"112,575","1,315",2019. 3. 27.,https://www.youtube.com/watch?v=sIcO_SCm-YM&list=PLyOJ5ZNIl-zC3t_rwQ-OXLjQuW5KV-gy2&index=4&t=0s
    파밍 시뮬레이터 4화] 닭장을 만들었는데 이렇게 키우는게 맞아유? (Farming Simulator 19)  ,22:04,"110,682","1,616",2019. 3. 28.,https://www.youtube.com/watch?v=fNUXl2zHMiY&list=PLyOJ5ZNIl-zC3t_rwQ-OXLjQuW5KV-gy2&index=5&t=0s
    파밍 시뮬레이터 5화 ] 목화가 미래다! (Farming Simulator 19)  ,29:36:00,"95,226","1,314",2019. 3. 29.,https://www.youtube.com/watch?v=uo7QpaDnFwk&list=PLyOJ5ZNIl-zC3t_rwQ-OXLjQuW5KV-gy2&index=6&t=0s
    파밍 시뮬레이터 6화] 이번에는 틀림없어! 소가 정답이구먼! (Farming Simulator 19)  ,27:03:00,"85,765","1,081",2019. 3. 30.,https://www.youtube.com/watch?v=2PKz022q2ng&list=PLyOJ5ZNIl-zC3t_rwQ-OXLjQuW5KV-gy2&index=7&t=0s
    파밍 시뮬레이터 7화] 최고의 이장을 뽑아라?! 잇따른 악재가 부른 대도 이장의 지지율 하락! (Farming Simulator 19)  ,1:09:50,"73,813",999,2019. 3. 31.,https://www.youtube.com/watch?v=01QHek-xkXM&list=PLyOJ5ZNIl-zC3t_rwQ-OXLjQuW5KV-gy2&index=8&t=0s
    파밍 시뮬레이터 8화] 대도 농장이 5번 망할 수밖에 없었던 이유!? 숨겨진 주민들의 녹취록 대공개! (Farming Simulator 19)  ,1:20:29,"99,892","1,177",2019. 4. 1.,https://www.youtube.com/watch?v=iYgW10J7NH0&list=PLyOJ5ZNIl-zC3t_rwQ-OXLjQuW5KV-gy2&index=9&t=0s
    파밍 시뮬레이터 9화] 농사 때려치고 시작한 주타이쿤?! 대도농장의 미래전략은 동물농장! (Farming Simulator 19)  ,1:03:37,"88,709",895,2019. 4. 2.,https://www.youtube.com/watch?v=Hxgm4HrqcdE&list=PLyOJ5ZNIl-zC3t_rwQ-OXLjQuW5KV-gy2&index=10&t=0s
    파밍 시뮬레이터 10화] 드디어 말 코인 떡상?! 공들여 키운 말의 가격은? (Farming Simulator 19)  ,1:13:39,"74,328",837,2019. 4. 3.,https://www.youtube.com/watch?v=QZm-_Nrj1Rc&list=PLyOJ5ZNIl-zC3t_rwQ-OXLjQuW5KV-gy2&index=11&t=0s
    대도서관 두배속] 일본 초호화 온천에서 벌어진 히트맨의 행방불명!  ,1:19:54,"57,318","1,627",2019. 3. 28.,https://www.youtube.com/watch?v=rTy7Qao7PaM&list=PLyOJ5ZNIl-zCHNVjn9GeZvWyQx_o4mb9F&index=2&t=0s
    대도서관의 생방을 꼭 봐야 하는 이유 [대도서관 두배속 시리즈]  ,13:03,"117,284","3,230",2019. 1. 30.,https://www.youtube.com/watch?v=F3Q7QZx55_g&list=PLyOJ5ZNIl-zCHNVjn9GeZvWyQx_o4mb9F&index=3&t=0s
    대도서관 두배속] 인싸 되는 법을 알고싶다고요?  ,8:06,"169,872","4,372",2018. 10. 11.,https://www.youtube.com/watch?v=gkB8-xXHg8A&list=PLyOJ5ZNIl-zCHNVjn9GeZvWyQx_o4mb9F&index=4&t=0s
    대도서관 두배속] 굉장히 호드적인 와우 격전의 아제로스 로데론 전투 체험기! (WOW : Battle for Azeroth)  ,32:51:00,"134,401","1,645",2018. 9. 3.,https://www.youtube.com/watch?v=xgP0oGlOJn4&list=PLyOJ5ZNIl-zCHNVjn9GeZvWyQx_o4mb9F&index=5&t=0s
    대도서관 2배속]  뽀송뽀송해져라 대도서관 홈쇼핑! feat. 리더스 코스메틱 3종 세트  ,32:14:00,"77,098","2,708",2018. 7. 14.,https://www.youtube.com/watch?v=iBUTz9Yz30c&list=PLyOJ5ZNIl-zCHNVjn9GeZvWyQx_o4mb9F&index=6&t=0s
    대도서관 2배속] 지옥의 묵시록! 히트맨 2016 (Hitman 2016)  ,43:16:00,"91,989","2,153",2018. 7. 11.,https://www.youtube.com/watch?v=m1aIYu43mew&list=PLyOJ5ZNIl-zCHNVjn9GeZvWyQx_o4mb9F&index=7&t=0s
    대도서관 2배속] 대도가 월드컵 예언했습니다! 대한민국 VS 스웨덴 결과! (60 Seconds!)  ,1:10:23,"91,795","1,401",2018. 6. 18.,https://www.youtube.com/watch?v=MOjTYeVmCWI&list=PLyOJ5ZNIl-zCHNVjn9GeZvWyQx_o4mb9F&index=8&t=0s
    대도서관 2배속] 60초! 북미 정상회담 성사 기념! (60 Seconds!)  ,37:57:00,"90,714","1,881",2018. 6. 12.,https://www.youtube.com/watch?v=asVgWCi2lf8&list=PLyOJ5ZNIl-zCHNVjn9GeZvWyQx_o4mb9F&index=9&t=0s
    대도서관 2배속] 연쇄당첨마! 히트맨 2016 (hitman 2016)  ,6:22,"92,847","1,755",2018. 5. 25.,https://www.youtube.com/watch?v=IX6UZFvXtIg&list=PLyOJ5ZNIl-zCHNVjn9GeZvWyQx_o4mb9F&index=10&t=0s
    대도서관 2배속] 자라나라 머리머리! 히트맨 2016 (Hitman 2016)  ,4:43,"164,348","3,572",2018. 5. 3.,https://www.youtube.com/watch?v=Snz24kix_4g&list=PLyOJ5ZNIl-zCHNVjn9GeZvWyQx_o4mb9F&index=11&t=0s
"    그림자복도 정식판 1화] 챕터1 & 챕터2, 귀신으로 부터 도망치는 살 떨리는 생존 공포게임! (Kagerou: Shadow Corridor)  ",34:17:00,"223,297","2,439",2019. 3. 11.,https://www.youtube.com/watch?v=ioaGXY07jTA&list=PLyOJ5ZNIl-zAQwgIFqSxNWxm6dn68V_dg&index=2&t=0s
    그림자복도 정식판 2화] 챕터3 시체가 흐르는 계곡! 락커 귀신으로부터 도망치자! (Kageroh: Shadow Corridor)  ,1:34:46,"116,833","1,371",2019. 3. 12.,https://www.youtube.com/watch?v=8fcij7Fo4yA&list=PLyOJ5ZNIl-zAQwgIFqSxNWxm6dn68V_dg&index=3&t=0s
    그림자복도 정식판 3화] 챕터4 심연! 집안 곳곳에 귀신들 총출동! (Kageroh: Shadow Corridor)  ,26:39:00,"107,945","1,287",2019. 3. 13.,https://www.youtube.com/watch?v=jhdL9166cKQ&list=PLyOJ5ZNIl-zAQwgIFqSxNWxm6dn68V_dg&index=4&t=0s
    그림자복도 정식판 4화] 챕터 5 대식가! 달려오는 귀신과의 추격적! (Kageroh: Shadow Corridor)  ,48:53:00,"60,411",899,2019. 3. 14.,https://www.youtube.com/watch?v=JIEVcfxvdKM&list=PLyOJ5ZNIl-zAQwgIFqSxNWxm6dn68V_dg&index=5&t=0s
    그림자복도 정식판 5화] 챕터 6 영혼 집합소! 진짜 빡센 스테이지!  (Kageroh: Shadow Corridor)  ,1:38:42,"78,703","1,008",2019. 3. 15.,https://www.youtube.com/watch?v=1_kf4pcgkuA&list=PLyOJ5ZNIl-zAQwgIFqSxNWxm6dn68V_dg&index=6&t=0s
    그림자복도 정식판 6화] 이걸 깨라고 만든거야? 빡세다 챕터6! (Kageroh: Shadow Corridor)  ,1:23:10,"81,847","1,001",2019. 3. 16.,https://www.youtube.com/watch?v=Mn_JJt01q0c&list=PLyOJ5ZNIl-zAQwgIFqSxNWxm6dn68V_dg&index=7&t=0s
    그림자복도 정식판 7화] 챕터6 오늘은 깰 수 있을까? (Kageroh: Shadow Corridor)  ,1:40:05,"63,248",818,2019. 3. 18.,https://www.youtube.com/watch?v=Vvvkf-ZZ8EY&list=PLyOJ5ZNIl-zAQwgIFqSxNWxm6dn68V_dg&index=8&t=0s
    그림자복도 정식판 8화] 아직도 챕터 6에서 고통받는 거 실화?! (Kageroh: Shadow Corridor)  ,1:36:25,"58,336",846,2019. 3. 19.,https://www.youtube.com/watch?v=7HsG-W8c6a4&list=PLyOJ5ZNIl-zAQwgIFqSxNWxm6dn68V_dg&index=9&t=0s
    그림자복도 정식판 9화] 오늘은 기필코 챕터6 끝내겠습니다! (Kageroh: Shadow Corridor)  ,1:42:58,"59,708",822,2019. 3. 20.,https://www.youtube.com/watch?v=1aBwjOaLgDo&list=PLyOJ5ZNIl-zAQwgIFqSxNWxm6dn68V_dg&index=10&t=0s
    그림자복도 정식판 10화] 지긋지긋한 챕터6 오늘은 끝장냅니다! (Kageroh: Shadow Corridor)  ,1:12:39,"58,168",886,2019. 3. 22.,https://www.youtube.com/watch?v=ip1uZzhg9Rk&list=PLyOJ5ZNIl-zAQwgIFqSxNWxm6dn68V_dg&index=11&t=0s
    여러분 너무 당황하지마세요! 공포게임 사상 역대급 허무엔딩 [츠쿠모노가타리]  ,1:21:27,"84,910","1,272",2019. 3. 6.,https://www.youtube.com/watch?v=puO62R08cIo&list=PLyOJ5ZNIl-zACVHIqp4DliquIXALoGU-2&index=2&t=0s
    좀비액션 게임의 전설! 레지던트 이블2 리메이크 데모판 (Resident evil 2 Remake)  ,33:15:00,"109,663","1,531",2019. 1. 14.,https://www.youtube.com/watch?v=qsg5bQDaE5c&list=PLyOJ5ZNIl-zACVHIqp4DliquIXALoGU-2&index=3&t=0s
    명작 공포 쯔구르 게임! 괴이증후군R 리메이크! - 일본 실화 괴담 모음  ,42:39:00,"190,500","2,996",2019. 1. 7.,https://www.youtube.com/watch?v=dGEYUvwHXuw&list=PLyOJ5ZNIl-zACVHIqp4DliquIXALoGU-2&index=4&t=0s
    대도서관] 악마를 사냥하는 악마사냥꾼! 위치헌터 하편 (Witch Hunter)  ,32:51:00,"38,290",534,2018. 10. 9.,https://www.youtube.com/watch?v=KFo6I-ggP-Y&list=PLyOJ5ZNIl-zACVHIqp4DliquIXALoGU-2&index=5&t=0s
    대도서관] 악마를 사냥하는 악마사냥꾼! 위치헌터 상편 (Witch Hunter)  ,43:35:00,"47,982",659,2018. 10. 7.,https://www.youtube.com/watch?v=3ncHAk66K74&list=PLyOJ5ZNIl-zACVHIqp4DliquIXALoGU-2&index=6&t=0s
    대도서관] 깜놀주의! 모모귀신이 찾아왔습니다! (Momo Horror Game)  ,28:26:00,"106,601","1,773",2018. 8. 14.,https://www.youtube.com/watch?v=5b7v7Iavtqk&list=PLyOJ5ZNIl-zACVHIqp4DliquIXALoGU-2&index=7&t=0s
    대도서관] 쏘우 같은 멘탈파괴 방탈출 게임 하편 (Play with me)  ,49:52:00,"52,818",575,2018. 7. 25.,https://www.youtube.com/watch?v=Bty7btd_0EU&list=PLyOJ5ZNIl-zACVHIqp4DliquIXALoGU-2&index=8&t=0s
    대도서관] 쏘우 같은 멘탈파괴 방탈출 게임 상편 (Play with me)  ,44:27:00,"124,133","1,206",2018. 7. 20.,https://www.youtube.com/watch?v=VuvFwwSRBBI&list=PLyOJ5ZNIl-zACVHIqp4DliquIXALoGU-2&index=9&t=0s
    유령역] 대도서관 공포 게임 실황 - 수채화 같은 일본괴담 공포게임! (Yurei station)  ,28:39:00,"302,822","3,904",2018. 2. 19.,https://www.youtube.com/watch?v=lJQfI6Za3nk&list=PLyOJ5ZNIl-zACVHIqp4DliquIXALoGU-2&index=10&t=0s
    오토기리] 대도서관 공포게임 실황 - 심약자 절대 시청금지! 공포의 빨간 마스크! (Otogiri : オトギリ～姿のない住人～)  ,29:31:00,"292,540","2,696",2017. 9. 22.,https://www.youtube.com/watch?v=a4HM3smkeLM&list=PLyOJ5ZNIl-zACVHIqp4DliquIXALoGU-2&index=11&t=0s
    몬스트럼] 대도서관 대박 공포게임 실황 1화 - 강추! 진짜 무서운 게임 (Monstrum)  ,26:49:00,"1,176,693","6,706",2015. 5. 23.,https://www.youtube.com/watch?v=RepxF7pa7hQ&list=PLyOJ5ZNIl-zCskRyfR8Mdyug9Nx9hduOe&index=2&t=0s
    몬스트럼] 대도서관 대박 공포게임 실황 2화 - 강추! 진짜 무서운 게임 (Monstrum)  ,27:13:00,"462,539","2,955",2015. 5. 24.,https://www.youtube.com/watch?v=jad0guujsLY&list=PLyOJ5ZNIl-zCskRyfR8Mdyug9Nx9hduOe&index=3&t=0s
    몬스트럼] 대도서관 대박 공포게임 실황 3화 - 강추! 진짜 무서운 게임 (Monstrum)  ,27:17:00,"384,642","2,157",2015. 5. 24.,https://www.youtube.com/watch?v=rUdd7JBWois&list=PLyOJ5ZNIl-zCskRyfR8Mdyug9Nx9hduOe&index=4&t=0s
    몬스트럼] 대도서관 대박 공포게임 실황 4화 - 강추! 진짜 무서운 게임 (Monstrum)  ,25:48:00,"336,482","2,233",2015. 5. 25.,https://www.youtube.com/watch?v=YIm0ALqfKXw&list=PLyOJ5ZNIl-zCskRyfR8Mdyug9Nx9hduOe&index=5&t=0s
    몬스트럼] 대도서관 대박 공포게임 실황 5화 - 강추! 진짜 무서운 게임 (Monstrum)  ,29:06:00,"303,948","1,713",2015. 5. 26.,https://www.youtube.com/watch?v=iOWv3DDdLOM&list=PLyOJ5ZNIl-zCskRyfR8Mdyug9Nx9hduOe&index=6&t=0s
    몬스트럼] 대도서관 대박 공포게임 실황 6화 - 강추! 진짜 무서운 게임 (Monstrum)  ,51:13:00,"288,037","1,928",2015. 5. 26.,https://www.youtube.com/watch?v=qY6Vfkg-25g&list=PLyOJ5ZNIl-zCskRyfR8Mdyug9Nx9hduOe&index=7&t=0s
    몬스트럼] 대도서관 대박 공포게임 실황 7화 - 강추! 진짜 무서운 게임 (Monstrum)  ,45:03:00,"321,872","2,487",2015. 5. 28.,https://www.youtube.com/watch?v=R6ATn-Z_cPM&list=PLyOJ5ZNIl-zCskRyfR8Mdyug9Nx9hduOe&index=8&t=0s
    몬스트럼] 대도서관 대박 공포게임 실황 8화 - 강추! 진짜 무서운 게임 (Monstrum)  ,42:53:00,"273,559","1,729",2015. 5. 29.,https://www.youtube.com/watch?v=DAMIPU4Ex-s&list=PLyOJ5ZNIl-zCskRyfR8Mdyug9Nx9hduOe&index=9&t=0s
    몬스트럼] 대도서관 대박 공포게임 실황 9화 - 강추! 진짜 무서운 게임 (Monstrum)  ,31:09:00,"246,083","1,743",2015. 5. 30.,https://www.youtube.com/watch?v=nfx3VjX1kGM&list=PLyOJ5ZNIl-zCskRyfR8Mdyug9Nx9hduOe&index=10&t=0s
    몬스트럼] 대도서관 대박 공포게임 실황 10화 - 강추! 진짜 무서운 게임 (Monstrum)  ,22:56,"215,671","1,575",2015. 5. 31.,https://www.youtube.com/watch?v=Nhfxb1xsQHE&list=PLyOJ5ZNIl-zCskRyfR8Mdyug9Nx9hduOe&index=11&t=0s
    문명 초보자가 꼭 봐야할 1타 강사 대도가 알려주는 문명6 가이드!  ,33:02:00,"80,470","1,070",2019. 2. 19.,https://www.youtube.com/watch?v=kEWtTZHpifs&list=PLyOJ5ZNIl-zA6z97t5TsFfIOlxaBNtl7F&index=2&t=0s
    신라 옆에 화산이 폭발하는 한라산이 있다?! - 문명6 새확장팩 몰려드는 폭풍 1화 (Civilization 6 Gathering Storm)  ,40:39:00,"214,781","1,558",2019. 2. 19.,https://www.youtube.com/watch?v=OpOWYOfmmj0&list=PLyOJ5ZNIl-zA6z97t5TsFfIOlxaBNtl7F&index=3&t=0s
    문명에서 자연재해가? 홍수와 화산의 나라! - 문명6 새확장팩 몰려드는 폭풍 2화 (Civilization 6 Gathering Storm)  ,1:29:11,"132,276",913,2019. 2. 20.,https://www.youtube.com/watch?v=2FMXoTf_y5Y&list=PLyOJ5ZNIl-zA6z97t5TsFfIOlxaBNtl7F&index=4&t=0s
    마오리와의 전쟁을 선포한다! - 문명6 새확장팩 몰려드는 폭풍 3화 (Civilization 6 Gathering Storm)  ,1:28:07,"128,542",812,2019. 2. 20.,https://www.youtube.com/watch?v=2MgPCokqhA8&list=PLyOJ5ZNIl-zA6z97t5TsFfIOlxaBNtl7F&index=5&t=0s
    유니세프와 유엔군이 동시에? 모든 국가와의 전쟁 시작! - 문명6 새확장팩 몰려드는 폭풍 4화 (Civilization 6 Gathering Storm)0  ,1:07:59,"116,473",760,2019. 2. 21.,https://www.youtube.com/watch?v=I5a8Tj72w7M&list=PLyOJ5ZNIl-zA6z97t5TsFfIOlxaBNtl7F&index=6&t=0s
    부와 과학의 시대! 황금기가 눈 앞에? - 문명6 새확장팩 몰려드는 폭풍 5화 (Civilization 6 Gathering Storm)  ,1:31:09,"82,436",559,2019. 2. 22.,https://www.youtube.com/watch?v=VYSJE3SgycM&list=PLyOJ5ZNIl-zA6z97t5TsFfIOlxaBNtl7F&index=7&t=0s
    대도사이버대학을 다니고 나의 영웅기가 시작된다! - 문명6 새확장팩 몰려드는 폭풍 6화 (Civilization 6 Gathering Storm)  ,1:31:12,"79,405",639,2019. 2. 22.,https://www.youtube.com/watch?v=lhgwmbLr2FE&list=PLyOJ5ZNIl-zA6z97t5TsFfIOlxaBNtl7F&index=8&t=0s
    변두리 해안마을 항구도시 서울 등장! - 문명6 새확장팩 몰려드는 폭풍 7화 (Civilization 6 Gathering Storm)  ,1:35:55,"83,243",608,2019. 2. 23.,https://www.youtube.com/watch?v=jPzfYMA8lcI&list=PLyOJ5ZNIl-zA6z97t5TsFfIOlxaBNtl7F&index=9&t=0s
    아인슈타인을 영입! 이제 현대시대다!  - 문명6 새확장팩 몰려드는 폭풍 8화 (Civilization 6 Gathering Storm)  ,1:28:21,"77,063",562,2019. 2. 23.,https://www.youtube.com/watch?v=YjRJVWQQGYI&list=PLyOJ5ZNIl-zA6z97t5TsFfIOlxaBNtl7F&index=10&t=0s
    오늘부터 우리는 적이야! 영국 점령기!  - 문명6 새확장팩 몰려드는 폭풍 9화 (Civilization 6 Gathering Storm)  ,1:52:36,"69,503",534,2019. 2. 24.,https://www.youtube.com/watch?v=5tkQs3feLso&list=PLyOJ5ZNIl-zA6z97t5TsFfIOlxaBNtl7F&index=11&t=0s
